{"errors":[],"warnings":[],"namedChunkGroups":{"app":{"chunks":[3,2,0],"assets":["webpack-runtime-ddabff5c3a7371bf9341.js","webpack-runtime-ddabff5c3a7371bf9341.js.map","framework-1d55e49d2cdbbe44a6f7.js","framework-1d55e49d2cdbbe44a6f7.js.map","app-3cb5bfba10ee181f5c68.js","app-3cb5bfba10ee181f5c68.js.map"],"children":{},"childAssets":{}},"component---src-deck-mdx":{"chunks":[1],"assets":["component---src-deck-mdx-8b28c52591eb400cb9e3.js","component---src-deck-mdx-8b28c52591eb400cb9e3.js.map"],"children":{},"childAssets":{}}},"assetsByChunkName":{"app":["webpack-runtime-ddabff5c3a7371bf9341.js","framework-1d55e49d2cdbbe44a6f7.js","app-3cb5bfba10ee181f5c68.js"],"component---src-deck-mdx":["component---src-deck-mdx-8b28c52591eb400cb9e3.js"]}}